province_level,level_code,name,district
1,10101,फक्ताङ्लुङ्ग गाउँपालिका,ताप्लेजुङ
1,10102,मिक्वाखोला गाउँपालिका,ताप्लेजुङ
1,10103,मेरिङ्गदेन गाउँपालिका,ताप्लेजुङ
1,10104,मैवाखोला गाउँपालिका,ताप्लेजुङ
1,10105,आठराई त्रिवेणी गाउँपालिका,ताप्लेजुङ
1,10106,फुङलिङ्ग नगरपालिका,ताप्लेजुङ
1,10107,पाथिभरा याङ्वराक गाउँपालिका,ताप्लेजुङ
1,10108,सिरीजङ्गा गाउँपालिका,ताप्लेजुङ
1,10109,सिदिङ्गवा गाउँपालिका,ताप्लेजुङ
1,10201,भोटखोला गाउँपालिका,संखुवासभा
1,10202,मकालु गाउँपालिका,संखुवासभा
1,10203,सिलीचोङ गाउँपालिका,संखुवासभा
1,10204,चिचिला गाउँपालिका,संखुवासभा
1,10205,सभापोखरी गाउँपालिका,संखुवासभा
1,10206,खाँदबारी नगरपालिका,संखुवासभा
1,10207,पाँचखपन नगरपालिका,संखुवासभा
1,10208,चैनपुर नगरपालिका,संखुवासभा
1,10209,मादी नगरपालिका,संखुवासभा
1,10210,धर्मदेवी नगरपालिका,संखुवासभा
1,10301,खुम्बु पासाङल्हामु गाउँपालिका,सोलुखुम्बु
1,10302,माहाकुलुङ गाउँपालिका,सोलुखुम्बु
1,10303,सोताङ गाउँपालिका,सोलुखुम्बु
1,10304,माप्य दुधकोशी गाउँपालिका,सोलुखुम्बु
1,10305,थुलुङ दुधकोशी गाउँपालिका,सोलुखुम्बु
1,10306,नेचासल्यान गाउँपालिका,सोलुखुम्बु
1,10307,सोलुदुधकुण्ड नगरपालिका,सोलुखुम्बु
1,10308,लिखु पिके गाउँपालिका,सोलुखुम्बु
1,10401,चिशंखुगढी गाउँपालिका,ओखलढुङ्गा
1,10402,सिद्धिचरण नगरपालिका,ओखलढुङ्गा
1,10403,मोलुङ्ग गाउँपालिका,ओखलढुङ्गा
1,10404,खिजीदेम्बा गाउँपालिका,ओखलढुङ्गा
1,10405,लिखु गाउँपालिका,ओखलढुङ्गा
1,10406,चम्पादेवी गाउँपालिका,ओखलढुङ्गा
1,10407,सुनकोशी गाउँपालिका,ओखलढुङ्गा
1,10408,मानेभन्ज्याङ्ग गाउँपालिका,ओखलढुङ्गा
1,10501,केपिलासगढी गाउँपालिका,खोटाङ
1,10502,ऐसेलुखर्क गाउँपालिका,खोटाङ
1,10503,रावा बेसी गाउँपालिका,खोटाङ
1,10504,हलेसी तुवाचुङ नगरपालिका,खोटाङ
1,10505,दिक्तेल रुपाकोट मझुवागढी नगरपालिका,खोटाङ
1,10506,साकेला गाउँपालिका,खोटाङ
1,10507,दिप्रुङ चुइचुम्मा गाउँपालिका,खोटाङ
1,10508,खोटेहाङ गाउँपालिका,खोटाङ
1,10509,जन्तेढुङ्गा गाउँपालिका,खोटाङ
1,10510,बराहपोखरी गाउँपालिका,खोटाङ
1,10601,षडानन्द नगरपालिका,भोजपुर
1,10602,साल्पासिलिछो गाउँपालिका,भोजपुर
1,10603,टेम्केमैयुङ गाउँपालिका,भोजपुर
1,10604,भोजपुर नगरपालिका,भोजपुर
1,10605,अरुण गाउँपालिका,भोजपुर
1,10606,पौवा दुङ्मा गाउँपालिका,भोजपुर
1,10607,रामप्रसाद राई गाउँपालिका,भोजपुर
1,10608,हतुवागढी गाउँपालिका,भोजपुर
1,10609,आमचोक गाउँपालिका,भोजपुर
1,10701,महालक्ष्मी नगरपालिका,धनकुटा
1,10702,पाख्रिबास नगरपालिका,धनकुटा
1,10703,छथर जोरपाटी गाउँपालिका,धनकुटा
1,10704,धनकुटा नगरपालिका,धनकुटा
1,10705,सहिदभूमि गाउँपालिका,धनकुटा
1,10706,साँगुरीगढी गाउँपालिका,धनकुटा
1,10707,चौविसे गाउँपालिका,धनकुटा
1,10801,आठराई गाउँपालिका,तेह्रथुम
1,10802,फेदाप गाउँपालिका,तेह्रथुम
1,10803,मेन्छयायेम गाउँपालिका,तेह्रथुम
1,10804,म्याङ्गलुङ्ग नगरपालिका,तेह्रथुम
1,10805,लालीगुराँस नगरपालिका,तेह्रथुम
1,10806,छथर गाउँपालिका,तेह्रथुम
1,10901,याङवरक गाउँपालिका,पाँचथर
1,10902,हिलिहाङ्ग गाउँपालिका,पाँचथर
1,10903,फालेलुङ्ग गाउँपालिका,पाँचथर
1,10904,फिदिम नगरपालिका,पाँचथर
1,10905,फाल्गुनन्द गाउँपालिका,पाँचथर
1,10906,कुम्मायक गाउँपालिका,पाँचथर
1,10907,तुम्बेवा गाउँपालिका,पाँचथर
1,10908,मिक्लाजुङ गाउँपालिका,पाँचथर
1,11001,माई जोगमाई गाउँपालिका,इलाम
1,11002,सन्दकपुर गाउँपालिका,इलाम
1,11003,इलाम नगरपालिका,इलाम
1,11004,देउमाई नगरपालिका,इलाम
1,11005,फाकफोकथुम गाउँपालिका,इलाम
1,11006,माङसेबुङ गाउापालिका,इलाम
1,11007,चुलाचुली गाउँपालिका,इलाम
1,11008,माई नगरपालिका,इलाम
1,11009,सूर्योदय नगरपालिका,इलाम
1,11010,रोङ गाउँपालिका,इलाम
1,11101,मेचीनगर नगरपालिका,झापा
1,11102,बुद्धशान्ति गाउँपालिका,झापा
1,11103,अर्जुनधारा नगरपालिका,झापा
1,11104,कन्काई नगरपालिका,झापा
1,11105,शिवसताक्षी नगरपालिका,झापा
1,11106,कमल गाउँपालिका,झापा
1,11107,दमक नगरपालिका,झापा
1,11108,गौरादह नगरपालिका,झापा
1,11109,गौरीगन्‍ज गाउँपालिका,झापा
1,11110,झापा गाउँपालिका,झापा
1,11111,बाह्रदशी गाउँपालिका,झापा
1,11112,बिर्तामोड नगरपालिका,झापा
1,11113,हल्दीबारी गाउँपालिका,झापा
1,11114,भद्रमपुर नगरपालिका,झापा
1,11115,कचनकवल गाउँपालिका,झापा
1,11201,मिक्लाजुङ्ग गाउँपालिका,मोरङ
1,11202,लेटाङ नगरपालिका,मोरङ
1,11203,केराबारी गाउँपालिका,मोरङ
1,11204,सुन्दरहरैंचा नगरपालिका,मोरङ
1,11205,बेलबारी नगरपालिका,मोरङ
1,11206,कानेपोखरी गाउँपालिका,मोरङ
1,11207,पथरी शनिश्चरे नगरपालिका,मोरङ
1,11208,उर्लाबारी नगरपालिका,मोरङ
1,11209,रतुवामाई नगरपालिका,मोरङ
1,11210,सुनवर्षी नगरपालिका,मोरङ
1,11211,रंगेली नगरपालिका,मोरङ
1,11212,ग्रामथान गाउँपालिका,मोरङ
1,11213,बुढीगंगा गाउँपालिका,मोरङ
1,11214,विराटनगर महानगरपालिका,मोरङ
1,11215,कटहरी गाउँपालिका,मोरङ
1,11216,धनपालथान गाउँपालिका,मोरङ
1,11217,जहदा गाउँपालिका,मोरङ
1,11301,धरान उपमहानगरपालिका,सुनसरी
1,11302,बराहक्षेत्र नगरपालिका,सुनसरी
1,11303,कोशी गाउँपालिका,सुनसरी
1,11304,भोक्राहा नरसिंह गाउँपालिका,सुनसरी
1,11305,रामधुनी नगरपालिका,सुनसरी
1,11306,इटहरी उपमहानगरपालिका,सुनसरी
1,11307,दुहबी नगरपालिका,सुनसरी
1,11308,गढी गाउँपालिका,सुनसरी
1,11309,इनरुवा नगरपालिका,सुनसरी
1,11310,हरिनगर गाउँपालिका,सुनसरी
1,11311,देवानगन्ज गाउँपालिका,सुनसरी
1,11312,बर्जु गाउँपालिका,सुनसरी
1,11401,बेलका नगरपालिका,उदयपुर
1,11402,चौदण्डीगढी नगरपालिका,उदयपुर
1,11403,त्रियुगा नगरपालिका,उदयपुर
1,11404,रौतामाई गाउँपालिका,उदयपुर
1,11405,लिम्चुङ्बुङ गाउँपालिका,उदयपुर
1,11406,ताप्ली गाउँपालिका,उदयपुर
1,11407,कटारी नगरपालिका,उदयपुर
1,11408,उदयपुरगढी गाउँपालिका,उदयपुर
2,20101,सप्तकोशी नगरपालिका,सप्तरी
2,20102,कन्चनरुप नगरपालिका,सप्तरी
2,20103,अग्मीसयर कृष्ण सवरन गाउँपालिका,सप्तरी
2,20104,रुपनी गाउँपालिका,सप्तरी
2,20105,शम्भुनाथ नगरपालिका,सप्तरी
2,20106,खडक नगरपालिका,सप्तरी
2,20107,सुरुङ्गा नगरपालिका,सप्तरी
2,20108,बलान बिहुल गाउँपालिका,सप्तरी
2,20109,बोदेबरसाईन नगरपालिका,सप्तरी
2,20110,डाक्नेश्वरी नगरपालिका,सप्तरी
2,20111,राजगढ गाउँपालिका,सप्तरी
2,20112,विष्णुपुर गाउँपालिका,सप्तरी
2,20113,राजविराज नगरपालिका,सप्तरी
2,20114,महादेवा गाउँपालिका,सप्तरी
2,20115,तिरहुत गाउँपालिका,सप्तरी
2,20116,हनुमाननगर कङ्कालिनी नगरपालिका,सप्तरी
2,20117,तिलाठी कोइलाडी गाउँपालिका,सप्तरी
2,20118,छिन्नमस्ता गाउँपालिका,सप्तरी
2,20201,लहान नगरपालिका,सिरहा
2,20202,धनगढीमाई नगरपालिका,सिरहा
2,20203,गोलबजार नगरपालिका,सिरहा
2,20204,मिर्चेया नगरपालिका,सिरहा
2,20205,कर्जन्हा नगरपालिका,सिरहा
2,20206,कल्याणपुर नगरपालिका,सिरहा
2,20207,नरहा गाउँपालिका,सिरहा
2,20208,विष्णुपुर गाउँपालिका,सिरहा
2,20209,अर्नमा गाउँपालिका,सिरहा
2,20210,सुखीपुर नगरपालिका,सिरहा
2,20211,लक्ष्मीपुर पतारी गाउँपालिका,सिरहा
2,20212,सखुवानान्कारकट्टी गाउँपालिका,सिरहा
2,20213,भगवानपुर गाउँपालिका,सिरहा
2,20214,नवराजपुर गाउँपालिका,सिरहा
2,20215,बरियारपट्टी गाउँपालिका,सिरहा
2,20216,औरही गाउँपालिका,सिरहा
2,20217,सिराहा नगरपालिका,सिरहा
2,20301,गणेशमान चारनाथ नगरपालिका,धनुषा
2,20302,धनुषाधाम नगरपालिका,धनुषा
2,20303,मिथिला नगरपालिका,धनुषा
2,20304,बटेश्वर गाउँपालिका,धनुषा
2,20305,क्षिरेश्वरनाथ नगरपालिका,धनुषा
2,20306,लक्ष्मीनिया गाउँपालिका,धनुषा
2,20307,मिथिला बिहारी नगरपालिका,धनुषा
2,20308,हंसपुर नगरपालिका,धनुषा
2,20309,सबैला नगरपालिका,धनुषा
2,20310,शहीदनगर नगरपालिका,धनुषा
2,20311,कमला नगरपालिका,धनुषा
2,20312,जनक नन्दिनी गाउँपालिका,धनुषा
2,20313,बिदेह नगरपालिका,धनुषा
2,20314,औरही गाउँपालिका,धनुषा
2,20315,जनकपुरधाम उपमहानगरपालिका,धनुषा
2,20316,धनौजी गाउँपालिका,धनुषा
2,20317,नगराइन नगरपालिका,धनुषा
2,20318,मुखियापट्टी मुसहरमिया गाउँपालिका,धनुषा
2,20401,बर्दिबास नगरपालिका,महोत्तरी
2,20402,गौशाला नगरपालिका,महोत्तरी
2,20403,सोनमा गाउँपालिका,महोत्तरी
2,20404,औरही नगरपालिका,महोत्तरी
2,20405,भँगाहा नगरपालिका,महोत्तरी
2,20406,लोहरपट्टी नगरपालिका,महोत्तरी
2,20407,बलवा नगरपालिका,महोत्तरी
2,20408,राम गोपालपुर नगरपालिका,महोत्तरी
2,20409,साम्सी गाउँपालिका,महोत्तरी
2,20410,मनरा शिसवा नगरपालिका,महोत्तरी
2,20411,एकडारा गाउँपालिका,महोत्तरी
2,20412,महोत्तरी गाउँपालिका,महोत्तरी
2,20413,पिपरा गाउँपालिका,महोत्तरी
2,20414,मटिहानी नगरपालिका,महोत्तरी
2,20415,जलेश्वर नगरपालिका,महोत्तरी
2,20501,लालबन्दी नगरपालिका,सर्लाही
2,20502,हरिवन नगरपालिका,सर्लाही
2,20503,बागमती नगरपालिका,सर्लाही
2,20504,बरहथवा नगरपालिका,सर्लाही
2,20505,हरिपुर नगरपालिका,सर्लाही
2,20506,ईश्वरपुर नगरपालिका,सर्लाही
2,20507,हरिपुर्वा नगरपालिका,सर्लाही
2,20508,पर्सा गाउँपालिका,सर्लाही
2,20509,ब्रह्मपुरी गाउँपालिका,सर्लाही
2,20510,चन्द्रनगर गाउँपालिका,सर्लाही
2,20511,कविलासी नगरपालिका,सर्लाही
2,20512,चक्रघट्टा गाउँपालिका,सर्लाही
2,20513,बसबरिया गाउँपालिका,सर्लाही
2,20514,धनकौल गाउँपालिका,सर्लाही
2,20515,रामनगर गाउँपालिका,सर्लाही
2,20516,बलरा नगरपालिका,सर्लाही
2,20517,गोडैटा नगरपालिका,सर्लाही
2,20518,विष्णु गाउँपालिका,सर्लाही
2,20519,कौडेना गाउँपालिका,सर्लाही
2,20520,मलंगवा नगरपालिका,सर्लाही
2,20601,चन्द्रपुर नगरपालिका,रौतहट
2,20602,गुजरा नगरपालिका,रौतहट
2,20603,फतुवा बिजयपुर नगरपालिका,रौतहट
2,20604,कटहरिया नगरपालिका,रौतहट
2,20605,वृन्दावन नगरपालिका,रौतहट
2,20606,गढीमाई नगरपालिका,रौतहट
2,20607,माधव नारायण नगरपालिका,रौतहट
2,20608,गरुडा नगरपालिका,रौतहट
2,20609,देवाही गोनाही नगरपालिका,रौतहट
2,20610,मौलापुर नगरपालिका,रौतहट
2,20611,बौधीमाई नगरपालिका,रौतहट
2,20612,परोहा नगरपालिका,रौतहट
2,20613,राजपुर नगरपालिका,रौतहट
2,20614,यमुनामाई गाउँपालिका,रौतहट
2,20615,दुर्गा भगवती गाउँपालिका,रौतहट
2,20616,राजदेवी नगरपालिका,रौतहट
2,20617,गौर नगरपालिका,रौतहट
2,20618,ईशनाथ नगरपालिका,रौतहट
2,20701,निजगढ नगरपालिका,बारा
2,20702,कोल्हवी नगरपालिका,बारा
2,20703,जीतपुर सिमरा उपमहानगरपालिका,बारा
2,20704,परवानीपुर गाउँपालिका,बारा
2,20705,प्रसौनी गाउँपालिका,बारा
2,20706,विश्रामपुर गाउँपालिका,बारा
2,20707,फेटा गाउँपालिका,बारा
2,20708,कलैया उपमहानगरपालिका,बारा
2,20709,करैयामाई गाउँपालिका,बारा
2,20710,बारागढी गाउँपालिका,बारा
2,20711,आदर्श कोटवाल गाउँपालिका,बारा
2,20712,सिम्रौनगढ नगरपालिका,बारा
2,20713,पचरौता नगरपालिका,बारा
2,20714,महागढीमाई नगरपालिका,बारा
2,20715,देवताल गाउँपालिका,बारा
2,20716,सुवर्ण गाउँपालिका,बारा
2,20801,ठोरी (सुवर्णपुर) गाउँपालिका,पर्सा
2,20802,जिराभवानी गाउँपालिका,पर्सा
2,20803,जगरनाथपुर गाउँपालिका,पर्सा
2,20804,पटेर्वा सुगौली गाउँपालिका,पर्सा
2,20805,सखुवा प्रसौनी गाउँपालिका,पर्सा
2,20806,पर्सागढी नगरपालिका,पर्सा
2,20807,बिरगन्ज महानगरपालिका,पर्सा
2,20808,बहुदरमाई नगरपालिका,पर्सा
2,20809,पोखरिया नगरपालिका,पर्सा
2,20810,कालिकामाई गाउँपालिका,पर्सा
2,20811,धोबीनी गाउँपालिका,पर्सा
2,20812,छिपहरमाई गाउँपालिका,पर्सा
2,20813,पकाहा मैनपुर गाउँपालिका,पर्सा
2,20814,बिन्दबासिनी गाउँपालिका,पर्सा
3,30101,गौरीशंकर गाउँपालिका,दोलखा
3,30102,बिगु गाउँपालिका,दोलखा
3,30103,कालिन्चोक गाउँपालिका,दोलखा
3,30104,वैतेश्वर गाउँपालिका,दोलखा
3,30105,जिरी नगरपालिका,दोलखा
3,30106,तामाकोशी गाउँपालिका,दोलखा
3,30107,मेलुङ्ग गाउँपालिका,दोलखा
3,30108,शैलुङ गाउँपालिका,दोलखा
3,30109,भिमेश्वर नगरपालिका,दोलखा
3,30201,भोटेकोशी गाउँपालिका,सिन्धुपाल्चोक
3,30202,जुगल गाउँपालिका,सिन्धुपाल्चोक
3,30203,पाँचपोखरी थाङपाल गाउँपालिका,सिन्धुपाल्चोक
3,30204,हेलम्बु गाउँपालिका,सिन्धुपाल्चोक
3,30205,मेलम्ची नगरपालिका,सिन्धुपाल्चोक
3,30206,ईन्द्रावती गाउँपालिका,सिन्धुपाल्चोक
3,30207,चौतारा साँगाचोकगढी नगरपालिका,सिन्धुपाल्चोक
3,30208,बलेफी गाउँपालिका,सिन्धुपाल्चोक
3,30209,बाह्रबिसे नगरपालिका,सिन्धुपाल्चोक
3,30210,त्रिपूरासुन्दरी गाउँपालिका,सिन्धुपाल्चोक
3,30211,लिसंखु पाखर गाउँपालिका,सिन्धुपाल्चोक
3,30212,सुनकोशी गाउँपालिका,सिन्धुपाल्चोक
3,30301,गोसाइकुण्ड गाउँपालिका,रसुवा
3,30302,आमाछोदिङमो गाउँपालिका,रसुवा
3,30303,उत्तरगया गाउँपालिका,रसुवा
3,30304,कालिका गाउँपालिका,रसुवा
3,30305,नौकुण्ड गाउँपालिका,रसुवा
3,30401,रुबी भ्याली गाउँपालिका,धादिङ
3,30402,खनियाबास गाउँपालिका,धादिङ
3,30403,गंङ्गा जमुना गाउँपालिका,धादिङ
3,30404,त्रिपूरासुन्दरी गाउँपालिका,धादिङ
3,30405,नेत्रावती डबजोङ गाउँपालिका,धादिङ
3,30406,नीलकण्ठ नगरपालिका,धादिङ
3,30407,ज्वालामुखी गाउँपालिका,धादिङ
3,30408,सिद्धलेक गाउँपालिका,धादिङ
3,30409,बेनीघाट रोराङ्ग गाउँपालिका,धादिङ
3,30410,गजुरी गाउँपालिका,धादिङ
3,30411,गल्छी गाउँपालिका,धादिङ
3,30412,थाक्रे गाउँपालिका,धादिङ
3,30413,धुनीबेंशी नगरपालिका,धादिङ
3,30501,दुप्चेश्वर गाउँपालिका,नुवाकोट
3,30502,तादी गाउँपालिका,नुवाकोट
3,30503,सूर्यगढी गाउँपालिका,नुवाकोट
3,30504,विदुर नगरपालिका,नुवाकोट
3,30505,किस्पाङ्ग गाउँपालिका,नुवाकोट
3,30506,म्यगङ गाउँपालिका,नुवाकोट
3,30507,तारकेश्वर गाउँपालिका,नुवाकोट
3,30508,बेलकोटगढी नगरपालिका,नुवाकोट
3,30509,लिखु गाउँपालिका,नुवाकोट
3,30510,पन्चकन्या गाउँपालिका,नुवाकोट
3,30511,शिवपुरी गाउँपालिका,नुवाकोट
3,30512,ककनी गाउँपालिका,नुवाकोट
3,30601,शंङ्खरापुर नगरपालिका,काठमाडौँ
3,30602,कागेश्वरी मनहरा नगरपालिका,काठमाडौँ
3,30603,गोकर्णेश्वर नगरपालिका,काठमाडौँ
3,30604,बुढानिलकण्ठ नगरपालिका,काठमाडौँ
3,30605,टोखा नगरपालिका,काठमाडौँ
3,30606,तारकेश्वर नगरपालिका,काठमाडौँ
3,30607,नागार्जुन नगरपालिका,काठमाडौँ
3,30608,काठमाडौँ महानगरपालिका,काठमाडौँ
3,30609,कीर्तिपुर नगरपालिका,काठमाडौँ
3,30610,चन्द्रागिरी नगरपालिका,काठमाडौँ
3,30611,दक्षिणकाली नगरपालिका,काठमाडौँ
3,30701,चाँगुनारायण नगरपालिका,भक्तपुर
3,30702,भक्तपुर नगरपालिका,भक्तपुर
3,30703,मध्यपुर थिमी नगरपालिका,भक्तपुर
3,30704,सूर्यविनायक नगरपालिका,भक्तपुर
3,30801,महालक्ष्मी नगरपालिका,ललितपुर
3,30802,ललितपुर महानगरपालिका,ललितपुर
3,30803,गोदावरी नगरपालिका,ललितपुर
3,30804,कोन्ज्योसोम गाउँपालिका,ललितपुर
3,30805,महाङ्काल गाउँपालिका,ललितपुर
3,30806,बाग्मती गाउँपालिका,ललितपुर
3,30901,चौरीदेउराली गाउँपालिका,काभ्रेपलाञ्चोक
3,30902,भुम्लु गाउँपालिका,काभ्रेपलाञ्चोक
3,30903,मण्डन देउपुर नगरपालिका,काभ्रेपलाञ्चोक
3,30904,बनेपा नगरपालिका,काभ्रेपलाञ्चोक
3,30905,धुलिखेल नगरपालिका,काभ्रेपलाञ्चोक
3,30906,पाँचखाल नगरपालिका,काभ्रेपलाञ्चोक
3,30907,तेमाल गाउँपालिका,काभ्रेपलाञ्चोक
3,30908,नमोबुद्ध नगरपालिका,काभ्रेपलाञ्चोक
3,30909,पनौती नगरपालिका,काभ्रेपलाञ्चोक
3,30910,बेथानचोक गाउँपालिका,काभ्रेपलाञ्चोक
3,30911,रोशी गाउँपालिका,काभ्रेपलाञ्चोक
3,30912,महाभारत गाउँपालिका,काभ्रेपलाञ्चोक
3,30913,खानीखोला गाउँपालिका,काभ्रेपलाञ्चोक
3,31001,उमाकुण्ड गाउँपालिका,रामेछाप
3,31002,गोकुलगङ्गा गाउँपालिका,रामेछाप
3,31003,लिखु तामाकोसी गाउँपालिका,रामेछाप
3,31004,रामेछाप नगरपालिका,रामेछाप
3,31005,मन्थली नगरपालिका,रामेछाप
3,31006,खाँडादेवी गाउँपालिका,रामेछाप
3,31007,दोरम्बा गाउँपालिका,रामेछाप
3,31008,सुनापती गाउँपालिका,रामेछाप
3,31101,दुधौली नगरपालिका,सिन्धुली
3,31102,फिक्कल गाउँपालिका,सिन्धुली
3,31103,तीनपाटन गाउँपालिका,सिन्धुली
3,31104,गोलन्जोर गाउँपालिका,सिन्धुली
3,31105,कमलामाई नगरपालिका,सिन्धुली
3,31106,सुनकोशी गाउँपालिका,सिन्धुली
3,31107,ध्याङलेख गाउँपालिका,सिन्धुली
3,31108,मरिण गाउँपालिका,सिन्धुली
3,31109,हरिहरपुरगढी गाउँपालिका,सिन्धुली
3,31201,इन्द्रसरोवर गाउँपालिका,मकवानपुर
3,31202,थाहा नगरपालिका,मकवानपुर
3,31203,कैलाश गाउँपालिका,मकवानपुर
3,31204,राक्सिराङ्ग गाउँपालिका,मकवानपुर
3,31205,मनहरी गाउँपालिका,मकवानपुर
3,31206,हेटौडा उपमहानगरपालिका,मकवानपुर
3,31207,भिमफेदी गाउँपालिका,मकवानपुर
3,31208,मकवानपुरगढी गाउँपालिका,मकवानपुर
3,31209,बकैया गाउँपालिका,मकवानपुर
3,31210,बाग्मती गाउँपालिका,मकवानपुर
3,31301,राप्ती नगरपालिका,चितवन
3,31302,कालिका नगरपालिका,चितवन
3,31303,इच्छाकामना गाउँपालिका,चितवन
3,31304,भरतपुर महानगरपालिका,चितवन
3,31305,रत्ननगर नगरपालिका,चितवन
3,31306,खैरहनी नगरपालिका,चितवन
3,31307,माडी नगरपालिका,चितवन
4,40101,चुमनुब्री गाउँपालिका,गोरखा
4,40102,अजिरकोट गाउँपालिका,गोरखा
4,40103,बारपाक सुलिकोट गाउँपालिका,गोरखा
4,40104,धार्चे गाउँपालिका,गोरखा
4,40105,आरुघाट गाउँपालिका,गोरखा
4,40106,भिमसेनथापा गाउँपालिका,गोरखा
4,40107,सिरानचोक गाउँपालिका,गोरखा
4,40108,पालुङ्गटार नगरपालिका,गोरखा
4,40109,गोरखा नगरपालिका,गोरखा
4,40110,शहीद लखन गाउँपालिका,गोरखा
4,40111,गण्डकी गाउँपालिका,गोरखा
4,40201,नार्पा भूमि गाउँपालिका,मनाङ
4,40202,मनाङ ङिस्याङ गाउँपालिका,मनाङ
4,40203,चामे गाउँपालिका,मनाङ
4,40204,नासों गाउँपालिका,मनाङ
4,40301,लो घेकर दामोदरकुण्ड गाउँपालिका,मुस्ताङ
4,40302,घरपझोङ गाउँपालिका,मुस्ताङ
4,40303,वारागुङ मुक्तिक्षेत्र गाउँपालिका,मुस्ताङ
4,40304,लोमन्थाङ गाउँपालिका,मुस्ताङ
4,40305,थासाङ गाउँपालिका,मुस्ताङ
4,40401,अन्नपूर्ण गाउँपालिका,म्याग्दी
4,40402,रघुगंगा गाउँपालिका,म्याग्दी
4,40403,धवलागिरी गाउँपालिका,म्याग्दी
4,40404,मालिका गाउँपालिका,म्याग्दी
4,40405,मंगला गाउँपालिका,म्याग्दी
4,40406,बेनी नगरपालिका,म्याग्दी
4,40501,मादी गाउँपालिका,कास्की
4,40502,माछापुच्छ्रे गाउँपालिका,कास्की
4,40503,अन्नपूर्ण गाउँपालिका,कास्की
4,40504,पोखरा महानगरपालिका,कास्की
4,40505,रूपा गाउँपालिका,कास्की
4,40601,दोर्दी गाउँपालिका,लमजुङ
4,40602,मस्र्याङ्गदी गाउँपालिका,लमजुङ
4,40603,क्ब्होलासोथार गाउँपालिका,लमजुङ
4,40604,मध्यनेपाल नगरपालिका,लमजुङ
4,40605,बेंसीशहर नगरापालिका,लमजुङ
4,40606,सुन्दरबजार नगरपालिका,लमजुङ
4,40607,राइनास नगरपालिका,लमजुङ
4,40608,दूधपोखरी गाउँपालिका,लमजुङ
4,40701,भानु नगरपालिका,तनहुँ
4,40702,ब्यास नगरपालिका,तनहुँ
4,40703,म्याग्दे गाउँपालिका,तनहुँ
4,40704,शुक्लागण्डकी नगरपालिका,तनहुँ
4,40705,भिमाद नगरपालिका,तनहुँ
4,40706,घिरिङ्ग गाउँपालिका,तनहुँ
4,40707,ऋषिङ्ग गाउँपालिका,तनहुँ
4,40708,देवघाट गाउँपालिका,तनहुँ
4,40709,बन्दिपुर गाउँपालिका,तनहुँ
4,40710,आँबुखैरेनी गाउँपालिका,तनहुँ
4,40801,गैडाकोट नगरपालिका,नवलपरासी (बर्दघाट सुस्ता पूर्व)
4,40802,बुलिङ्गटार गाउँपालिका,नवलपरासी (बर्दघाट सुस्ता पूर्व)
4,40803,बौदीकाली गाउँपालिका,नवलपरासी (बर्दघाट सुस्ता पूर्व)
4,40804,हुप्सेकोट गाउँपालिका,नवलपरासी (बर्दघाट सुस्ता पूर्व)
4,40805,देवचुली नगरपालिका,नवलपरासी (बर्दघाट सुस्ता पूर्व)
4,40806,कावासोती नगरपालिका,नवलपरासी (बर्दघाट सुस्ता पूर्व)
4,40807,मध्यबिन्दु नगरपालिका,नवलपरासी (बर्दघाट सुस्ता पूर्व)
4,40808,बिनयी त्रिवेणी गाउँपालिका,नवलपरासी (बर्दघाट सुस्ता पूर्व)
4,40901,पुतलीबजार नगरपालिका,स्याङ्जा
4,40902,फेदीखोला गाउँपालिका,स्याङ्जा
4,40903,आँधिखोला गाउँपालिका,स्याङ्जा
4,40904,अर्जुनचौपारी गाउँपालिका,स्याङ्जा
4,40905,भीरकोट नगरपालिका,स्याङ्जा
4,40906,बिरुवा गाउँपालिका,स्याङ्जा
4,40907,हरिनास गाउँपालिका,स्याङ्जा
4,40908,चापाकोट नगरपालिका,स्याङ्जा
4,40909,वालिङ्ग नगरपालिका,स्याङ्जा
4,40910,गल्याङ नगरपालिका,स्याङ्जा
4,40911,कालीगण्डकी गाउँपालिका,स्याङ्जा
4,41001,मोदी गाउँपालिका,पर्वत
4,41002,जलजला गाउँपालिका,पर्वत
4,41003,कुश्मा नगरपालिका,पर्वत
4,41004,फलेबास नगरपालिका,पर्वत
4,41005,महाशिला गाउँपालिका,पर्वत
4,41006,बिहादी गाउँपालिका,पर्वत
4,41007,पैयुं गाउँपालिका,पर्वत
4,41101,बाग्लुङ्ग नगरपालिका,बाग्लुङ
4,41102,काठेखोला गाउँपालिका,बाग्लुङ
4,41103,ताराखोला गाउँपालिका,बाग्लुङ
4,41104,तमानखोला गाउँपालिका,बाग्लुङ
4,41105,ढोरपाटन नगरपालिका,बाग्लुङ
4,41106,निसीखोला गाउँपालिका,बाग्लुङ
4,41107,बडिगाड गाउँपालिका,बाग्लुङ
4,41108,गल्कोट नगरपालिका,बाग्लुङ
4,41109,बरेङ गाउँपालिका,बाग्लुङ
4,41110,जैमिनी नगरपालिका,बाग्लुङ
5,50101,पुथा उत्तरगंगा गाउँपालिका,रुकुम (पूर्वी भाग)
5,50102,सिस्ने गाउँपालिका,रुकुम (पूर्वी भाग)
5,50103,भूमे गाउँपालिका,रुकुम (पूर्वी भाग)
5,50201,सुनछहरी गाउँपालिका,रोल्पा
5,50202,थबाङ्ग गाउँपालिका,रोल्पा
5,50203,परिवर्तन गाउँपालिका,रोल्पा
5,50204,ग‌गादेव गाउँपालिका,रोल्पा
5,50205,माडी गाउँपालिका,रोल्पा
5,50206,त्रिवेणी गाउँपालिका,रोल्पा
5,50207,रोल्पा नगरपालिका,रोल्पा
5,50208,रुन्टीगढी गाउँपालिका,रोल्पा
5,50209,सुनिल स्मृति गाउँपालिका,रोल्पा
5,50210,लुङ्ग्री गाउँपालिका,रोल्पा
5,50301,गौमुखी गाउँपालिका,प्यूठान
5,50302,नौबहिनी गाउँपालिका,प्यूठान
5,50303,झिमरुक गाउँपालिका,प्यूठान
5,50304,प्यूठान नगरपालिका,प्यूठान
5,50305,स्वर्गद्धारी नगरपालिका,प्यूठान
5,50306,माण्डवी गाउँपालिका,प्यूठान
5,50307,मल्लरानी गाउँपालिका,प्यूठान
5,50308,ऐरावती गाउँपालिका,प्यूठान
5,50309,सरुमारानी गाउँपालिका,प्यूठान
5,50401,कालिगण्डकी गाउँपालिका,गुल्मी
5,50402,सत्यवती गाउँपालिका,गुल्मी
5,50403,चन्द्रकोट गाउँपालिका,गुल्मी
5,50404,मुसिकोट नगरपालिका,गुल्मी
5,50405,इस्मा गाउँपालिका,गुल्मी
5,50406,मालिका गाउँपालिका,गुल्मी
5,50407,मदाने गाउँपालिका,गुल्मी
5,50408,धुर्कोट गाउँपालिका,गुल्मी
5,50409,रेसुङ्गा नगरपालिका,गुल्मी
5,50410,गुल्मी दरबार गाउँपालिका,गुल्मी
5,50411,छत्रकोट गाउँपालिका,गुल्मी
5,50412,रूरूक्षेत्र गाउँपालिका,गुल्मी
5,50501,छत्रदेव गाउँपालिका,अर्घाखाँची
5,50502,मालारानी गाउँपालिका,अर्घाखाँची
5,50503,भूमिकास्थान नगरपालिका,अर्घाखाँची
5,50504,सन्धिखर्क नगरपालिका,अर्घाखाँची
5,50505,पाणिनी गाउँपालिका,अर्घाखाँची
5,50506,शितगंगा नगरपालिका,अर्घाखाँची
5,50601,रामपुर नगरपालिका,पाल्पा
5,50602,पुर्वखोला गाउँपालिका,पाल्पा
5,50603,रम्भा गाउँपालिका,पाल्पा
5,50604,बगनासकाली गाउँपालिका,पाल्पा
5,50605,तानसेन नगरपालिका,पाल्पा
5,50606,रिब्दीकोट गाउँपालिका,पाल्पा
5,50607,रैनादेवी छहरा गाउँपालिका,पाल्पा
5,50608,तिनाउ गाउँपालिका,पाल्पा
5,50609,माथागढी गाउँपालिका,पाल्पा
5,50610,निस्दी गाउँपालिका,पाल्पा
5,50701,बर्दघाट नगरपालिका,नवलपरासी
5,50702,सुनवल नगरपालिका,नवलपरासी
5,50703,रामग्राम नगरपालिका,नवलपरासी
5,50704,पाल्हीनन्दन गाउँपालिका,नवलपरासी
5,50705,सरावल गाउँपालिका,नवलपरासी
5,50706,प्रतापपुर गाउँपालिका,नवलपरासी
5,50707,सुस्ता गाउँपालिका,नवलपरासी
5,50801,देबदह नगरपालिका,रूपन्देही
5,50802,बुटवल उपमहानगरपालिका,रूपन्देही
5,50803,सैनामैना नगरपालिका,रूपन्देही
5,50804,कन्चन गाउँपालिका,रूपन्देही
5,50805,गैडहवा गाउँपालिका,रूपन्देही
5,50806,सुद्धोधन गाउँपालिका,रूपन्देही
5,50807,सियारी गाउँपालिका,रूपन्देही
5,50808,तिलोत्तमा नगरापालिका,रूपन्देही
5,50809,ओमसतिया गाउँपालिका,रूपन्देही
5,50810,रोहिणी गाउँपालिका,रूपन्देही
5,50811,सिद्धार्थनगर नगरपालिका,रूपन्देही
5,50812,मायादेवी गाउँपालिका,रूपन्देही
5,50813,लुम्बिनी सांस्कृतिक नगरपालिका,रूपन्देही
5,50814,कोटहीमाई गाउँपालिका,रूपन्देही
5,50815,सम्मरीमाई गाउँपालिका,रूपन्देही
5,50816,मर्चवारी गाउँपालिका,रूपन्देही
5,50901,बाणगंगा नगरपालिका,कपिलवस्तु
5,50902,बुद्धभूमि नगरपालिका,कपिलवस्तु
5,50903,शिवराज नगरपालिका,कपिलवस्तु
5,50904,बिजयनगर गाउँपालिका,कपिलवस्तु
5,50905,कृष्णनगर नगरपालिका,कपिलवस्तु
5,50906,महाराजगन्ज नगरपालिका,कपिलवस्तु
5,50907,कपिलबस्तु नगरपालिका,कपिलवस्तु
5,50908,यसोधरा गाउँपालिका,कपिलवस्तु
5,50909,मायादेवी गाउँपालिका,कपिलवस्तु
5,50910,शुद्धोधन गाउँपालिका,कपिलवस्तु
5,51001,बंगलाचुली गाउँपालिका,दाङ
5,51002,घोराही उपमहानगरपालिका,दाङ
5,51003,तुल्सीपुर उपमहानगरपालिका,दाङ
5,51004,शान्तिनगर गाउँपालिका,दाङ
5,51005,बबई गाउँपालिका,दाङ
5,51006,दंगीशरण गाउँपालिका,दाङ
5,51007,लमही नगरपालिका,दाङ
5,51008,राप्ती गाउँपालिका,दाङ
5,51009,गढवा गाउँपालिका,दाङ
5,51010,राजपुर गाउँपालिका,दाङ
5,51101,राप्ती सोनारी गाउँपालिका,बाँके
5,51102,कोहलपुर नगरपालिका,बाँके
5,51103,बैजनाथ गाउँपालिका,बाँके
5,51104,खजुरा गाउँपालिका,बाँके
5,51105,जानकी गाउँपालिका,बाँके
5,51106,नेपालगञ्ज उपमहानगरपालिका,बाँके
5,51107,डुडुवा गाउँपालिका,बाँके
5,51108,नरैनापुर गाउँपालिका,बाँके
5,51201,बाँसगढी नगरपालिका,बर्दिया
5,51202,बारबर्दिया नगरपालिका,बर्दिया
5,51203,ठाकुरबाबा नगरपालिका,बर्दिया
5,51204,गेरुवा गाउँपालिका,बर्दिया
5,51205,राजापुर नगरपालिका,बर्दिया
5,51206,मधुवन नगरपालिका,बर्दिया
5,51207,गुलरीया नगरपालिका,बर्दिया
5,51208,बढैयाताल गाउँपालिका,बर्दिया
6,60101,डोल्पो बुद्ध गाउँपालिका,डोल्पा
6,60102,शे फोक्सुण्डो गाउँपालिका,डोल्पा
6,60103,जगदुल्ला गाउँपालिका,डोल्पा
6,60104,मुड्केचुला गाउँपालिका,डोल्पा
6,60105,त्रिपूरासुन्दरी नगरपालिका,डोल्पा
6,60106,ठूलीभेरी नगरपालिका,डोल्पा
6,60107,काइके गाउँपालिका,डोल्पा
6,60108,छार्का ताङसोङ गाउँपालिका,डोल्पा
6,60201,मुगुमकार्मारोग गाउँपालिका,मुगु
6,60202,छायाँनाथ रारा नगरपालिका,मुगु
6,60203,सोरु गाउँपालिका,मुगु
6,60204,खत्याड गाउँपालिका,मुगु
6,60301,चंखेली गाउँपालिका,हुम्ला
6,60302,खार्पुनाथ गाउँपालिका,हुम्ला
6,60303,सिमकोट गाउँपालिका,हुम्ला
6,60304,नाम्खा गाउँपालिका,हुम्ला
6,60305,सर्केगाड गाउँपालिका,हुम्ला
6,60306,अदानचुली गाउँपालिका,हुम्ला
6,60307,ताँजाकोट गाउँपालिका,हुम्ला
6,60401,पातारासी गाउँपालिका,जुम्ला
6,60402,कनका सुन्दरी गाउँपालिका,जुम्ला
6,60403,सिंजा गाउँपालिका,जुम्ला
6,60404,चन्दननाथ नगरपालिका,जुम्ला
6,60405,गुठिचौर गाउँपालिका,जुम्ला
6,60406,तातोपानी गाउँपालिका,जुम्ला
6,60407,तिला गाउँपालिका,जुम्ला
6,60408,हिमा गाउँपालिका,जुम्ला
6,60501,पलाता गाउँपालिका,कालिकोट
6,60502,पचाल झरना गाउँपालिका,कालिकोट
6,60503,रास्कोट नगरपालिका,कालिकोट
6,60504,सान्नी त्रिवेणी गाउँपालिका,कालिकोट
6,60505,नरहरिनाथ गाउँपालिका,कालिकोट
6,60506,खाँडाचक्र नगरपालिका,कालिकोट
6,60507,तिलागुफा नगरपालिका,कालिकोट
6,60508,महावै गाउँपालिका,कालिकोट
6,60509,शुभ कालीका गाउँपालिका,कालिकोट
6,60601,नौमुले गाउँपालिका,दैलेख
6,60602,महाबु गाउँपालिका,दैलेख
6,60603,भैरवी गाउँपालिका,दैलेख
6,60604,ठाँटीकाँध गाउँपालिका,दैलेख
6,60605,आठबीस नगरपालिका,दैलेख
6,60606,चामुण्डा बिन्द्रासैनी नगरपालिका,दैलेख
6,60607,दुल्लु नगरपालिका,दैलेख
6,60608,नारायण नगरपालिका,दैलेख
6,60609,भगवतीमाई गाउँपालिका,दैलेख
6,60610,डुङ्गेश्वर गाउँपालिका,दैलेख
6,60611,गुराँस गाउँपालिका,दैलेख
6,60701,बारेकोट गाउँपालिका,जाजरकोट
6,60702,कुसे गाउँपालिका,जाजरकोट
6,60703,जुनीचाँदे गाउँपालिका,जाजरकोट
6,60704,छेडागाड नगरपालिका,जाजरकोट
6,60705,शिवालय गाउँपालिका,जाजरकोट
6,60706,भेरीमालिका नगरपालिका,जाजरकोट
6,60707,नलगाड नगरपालिका,जाजरकोट
6,60801,आठबिसकोट नगरपालिका,रुकुम (पश्चिम भाग)
6,60802,सानीभेरी गाउँपालिका,रुकुम (पश्चिम भाग)
6,60803,बाँफीकोट गाउँपालिका,रुकुम (पश्चिम भाग)
6,60804,मुसिकोट नगरपालिका,रुकुम (पश्चिम भाग)
6,60805,त्रिवेणी गाउँपालिका,रुकुम (पश्चिम भाग)
6,60806,चौरजहारी नगरपालिका,रुकुम (पश्चिम भाग)
6,60901,दार्मा गाउँपालिका,सल्यान
6,60902,कुमाख गाउँपालिका,सल्यान
6,60903,बनगाड कुपिण्डे नगरपालिका,सल्यान
6,60904,सिद्धकुमाख गाउँपालिका,सल्यान
6,60905,बागचौर नगरपालिका,सल्यान
6,60906,छत्रेश्वरी गाउँपालिका,सल्यान
6,60907,शारदा नगरपालिका,सल्यान
6,60908,कालिमाटी गाउँपालिका,सल्यान
6,60909,त्रिवेणी गाउँपालिका,सल्यान
6,60910,कपुरकोट गाउँपालिका,सल्यान
6,61001,सिम्ता गाउँपालिका,सुर्खेत
6,61002,चिङ्गगाड गाउँपालिका,सुर्खेत
6,61003,लेकबेशी नगरपालिका,सुर्खेत
6,61004,गुर्भाकोट नगरपालिका,सुर्खेत
6,61005,भेरीगंगा नगरपालिका,सुर्खेत
6,61006,बीरेन्द्रनगर नगरपालिका,सुर्खेत
6,61007,बराहताल गाउँपालिका,सुर्खेत
6,61008,पञ्चपुरी नगरपालिका,सुर्खेत
6,61009,चौकुने गाउँपालिका,सुर्खेत
7,70101,हिमाली गाउँपालिका,बाजुरा
7,70102,गौमुल गाउँपालिका,बाजुरा
7,70103,बुढीनन्दा नगरपालिका,बाजुरा
7,70104,स्वामीकार्तिक खापर गाउँपालिका,बाजुरा
7,70105,जगन्नाथ गाउँपालिका,बाजुरा
7,70106,बडिमालिका नगरपालिका,बाजुरा
7,70107,खप्तड छेडेदह गाउँपालिका,बाजुरा
7,70108,बुढीगंगा नगरपालिका,बाजुरा
7,70109,त्रिवेणी नगरपालिका,बाजुरा
7,70201,साइपाल गाउँपालिका,बझाङ
7,70202,बुंगल नगरपालिका,बझाङ
7,70203,सूर्मा गाउँपालिका,बझाङ
7,70204,तालकोट गाउँपालिका,बझाङ
7,70205,मष्टा गाउँपालिका,बझाङ
7,70206,जयपृथ्वी नगरपालिका,बझाङ
7,70207,छबिस पाथिभरा गाउँपालिका,बझाङ
7,70208,दुर्गाथली गाउँपालिका,बझाङ
7,70209,केदारस्युँ गाउँपालिका,बझाङ
7,70210,बित्थडचिर गाउँपालिका,बझाङ
7,70211,थलारा गाउँपालिका,बझाङ
7,70212,खप्तडछान्ना गाउँपालिका,बझाङ
7,70301,ब्याँस गाउँपालिका,दार्चुला
7,70302,दुहुँ गाउँपालिका,दार्चुला
7,70303,महाकाली नगरपालिका,दार्चुला
7,70304,नौगाड गाउँपालिका,दार्चुला
7,70305,अपिहिमाल गाउँपालिका,दार्चुला
7,70306,मार्मा गाउँपालिका,दार्चुला
7,70307,शैल्यशिखर नगरपालिका,दार्चुला
7,70308,मालिकार्जुन गाउँपालिका,दार्चुला
7,70309,लेकम गाउँपालिका,दार्चुला
7,70401,डीलासैनी गाउँपालिका,बैतडी
7,70402,दोगडाकेदार गाउँपालिका,बैतडी
7,70403,पुचौंडी नगरपालिका,बैतडी
7,70404,सुर्नया गाउँपालिका,बैतडी
7,70405,दशरथचन्द नगरपालिका,बैतडी
7,70406,पन्चेश्वर गाउँपालिका,बैतडी
7,70407,शिवनाथ गाउँपालिका,बैतडी
7,70408,मेलौली नगरपालिका,बैतडी
7,70409,पाटन नगरपालिका,बैतडी
7,70410,सिगास गाउँपालिका,बैतडी
7,70501,नवदुर्गा गाउँपालिका,डँडेलधुरा
7,70502,अमरगढी नगरपालिका,डँडेलधुरा
7,70503,अजयमेरु गाउँपालिका,डँडेलधुरा
7,70504,भागेश्वर गाउँपालिका,डँडेलधुरा
7,70505,परशुराम नगरपालिका,डँडेलधुरा
7,70506,आलिताल गाउँपालिका,डँडेलधुरा
7,70507,गन्यापधुरा गाउँपालिका,डँडेलधुरा
7,70601,पूर्विचौकी गाउँपालिका,डोटी
7,70602,सायल गाउँपालिका,डोटी
7,70603,आदर्श गाउँपालिका,डोटी
7,70604,शिखर नगरपालिका,डोटी
7,70605,दिपायल सिलगढी नगरपालिका,डोटी
7,70606,के.आई.सिं. गाउँपालिका,डोटी
7,70607,बोगटान फुड्सिल गाउँपालिका,डोटी
7,70608,बडीकेदार गाउँपालिका,डोटी
7,70609,जोरायल गाउँपालिका,डोटी
7,70701,पंचदेवल बिनायक नगरपालिका,अछाम
7,70702,रामारोशन गाउँपालिका,अछाम
7,70703,मेल्लेख गाउँपालिका,अछाम
7,70704,साँफेबगर नगरपालिका,अछाम
7,70705,चौरपाटी गाउँपालिका,अछाम
7,70706,मंगलसेन नगरपालिका,अछाम
7,70707,बान्नीगढी जयगढ गाउँपालिका,अछाम
7,70708,कमलबजार नगरपालिका,अछाम
7,70709,ढकारी गाउँपालिका,अछाम
7,70710,तुर्माखाँद गाउँपालिका,अछाम
7,70801,मोहन्याल गाउँपालिका,कैलाली
7,70802,चुरे गाउँपालिका,कैलाली
7,70803,गोदावरी नगरपालिका,कैलाली
7,70804,गौरीगंगा नगरपालिका,कैलाली
7,70805,घोडाघोडी नगरपालिका,कैलाली
7,70806,बर्दगोरिया गाउँपालिका,कैलाली
7,70807,लम्कि चुहा नगरपालिका,कैलाली
7,70808,जानकी गाउँपालिका,कैलाली
7,70809,जोशीपुर गाउँपालिका,कैलाली
7,70810,टिकापुर नगरपालिका,कैलाली
7,70811,भजनी नगरपालिका,कैलाली
7,70812,कैलारी गाउँपालिका,कैलाली
7,70813,धनगढी उपमहानगरपालिका,कैलाली
7,70901,कृष्णपुर नगरपालिका,कञ्चनपुर
7,70902,शुक्लाफाँटा नगरपालिका,कञ्चनपुर
7,70903,बेदकोट नगरपालिका,कञ्चनपुर
7,70904,भिमदत्त नगरपालिका,कञ्चनपुर
7,70905,माहाकाली नगरपालिका,कञ्चनपुर
7,70906,लालझाडी गाउँपालिका,कञ्चनपुर
7,70907,पुनर्वास नगरपालिका,कञ्चनपुर
7,70908,बेलौरी नगरपालिका,कञ्चनपुर
7,70909,बेलडाँडी गाउँपालिका,कञ्चनपुर
